<?xml version="1.0" encoding="UTF-8"?>
<project-private xmlns="http://www.netbeans.org/ns/project-private/1">
    <editor-bookmarks xmlns="http://www.netbeans.org/ns/editor-bookmarks/2" lastBookmarkId="0"/>
    <open-files xmlns="http://www.netbeans.org/ns/projectui-open-files/2">
        <group>
            <file>file:/C:/Users/andre/Downloads/SoF1-master/SoF1-master/Implementación/AppFormula1Servidor/src/java/negocio/PilotoFacade.java</file>
            <file>file:/C:/Users/andre/Downloads/SoF1-master/SoF1-master/Implementación/AppFormula1Servidor/src/java/negocio/SesionPracticaFacade.java</file>
            <file>file:/C:/Users/andre/Downloads/SoF1-master/SoF1-master/Implementación/AppFormula1Servidor/src/java/negocio/SesionClasificacionFacade.java</file>
            <file>file:/C:/Users/andre/Downloads/SoF1-master/SoF1-master/Implementación/AppFormula1Servidor/web/WEB-INF/glassfish-resources.xml</file>
            <file>file:/C:/Users/andre/Downloads/SoF1-master/SoF1-master/Implementación/AppFormula1Servidor/src/java/negocio/PremioFacade.java</file>
            <file>file:/C:/Users/andre/Downloads/SoF1-master/SoF1-master/Implementación/AppFormula1Servidor/src/java/negocio/ResultadoClasificacionFacade.java</file>
            <file>file:/C:/Users/andre/Downloads/SoF1-master/SoF1-master/Implementación/AppFormula1Servidor/src/java/negocio/UsuarioFacade.java</file>
            <file>file:/C:/Users/andre/Downloads/SoF1-master/SoF1-master/Implementación/AppFormula1Servidor/src/java/ws/Resultados.java</file>
            <file>file:/C:/Users/andre/Downloads/SoF1-master/SoF1-master/Implementación/AppFormula1Servidor/src/java/negocio/ResultadoCarreraFacade.java</file>
            <file>file:/C:/Users/andre/Downloads/SoF1-master/SoF1-master/Implementación/AppFormula1Servidor/src/java/entities/Usuario.java</file>
            <file>file:/C:/Users/andre/Downloads/SoF1-master/SoF1-master/Implementación/AppFormula1Servidor/src/java/entities/Apuesta.java</file>
            <file>file:/C:/Users/andre/Downloads/SoF1-master/SoF1-master/Implementación/AppFormula1Servidor/src/java/ws/Gestor.java</file>
            <file>file:/C:/Users/andre/Downloads/SoF1-master/SoF1-master/Implementación/AppFormula1Servidor/src/java/negocio/FotoFacade.java</file>
            <file>file:/C:/Users/andre/Downloads/SoF1-master/SoF1-master/Implementación/AppFormula1Servidor/src/java/negocio/CampeonatoFacade.java</file>
            <file>file:/C:/Users/andre/Downloads/SoF1-master/SoF1-master/Implementación/AppFormula1Servidor/src/java/negocio/CircuitoFacade.java</file>
            <file>file:/C:/Users/andre/Downloads/SoF1-master/SoF1-master/Implementación/AppFormula1Servidor/src/java/ws/Opiniones.java</file>
            <file>file:/C:/Users/andre/Downloads/SoF1-master/SoF1-master/Implementación/AppFormula1Servidor/src/java/entities/Escuderia.java</file>
            <file>file:/C:/Users/andre/Downloads/SoF1-master/SoF1-master/Implementación/AppFormula1Servidor/src/java/negocio/CalificacionFacade.java</file>
            <file>file:/C:/Users/andre/Downloads/SoF1-master/SoF1-master/Implementación/AppFormula1Servidor/src/java/negocio/AbstractFacade.java</file>
            <file>file:/C:/Users/andre/Downloads/SoF1-master/SoF1-master/Implementación/AppFormula1Servidor/src/java/negocio/ResultadoPracticaFacade.java</file>
            <file>file:/C:/Users/andre/Downloads/SoF1-master/SoF1-master/Implementación/AppFormula1Servidor/src/java/negocio/SesionCarreraFacade.java</file>
            <file>file:/C:/Users/andre/Downloads/SoF1-master/SoF1-master/Implementación/AppFormula1Servidor/src/conf/persistence.xml</file>
            <file>file:/C:/Users/andre/Downloads/SoF1-master/SoF1-master/Implementación/AppFormula1Servidor/src/java/entities/ResultadoCarrera.java</file>
            <file>file:/C:/Users/andre/Downloads/SoF1-master/SoF1-master/Implementación/AppFormula1Servidor/src/java/negocio/EscuderiaFacade.java</file>
            <file>file:/C:/Users/andre/Downloads/SoF1-master/SoF1-master/Implementación/AppFormula1Servidor/src/java/negocio/ApuestaFacade.java</file>
            <file>file:/C:/Users/andre/Downloads/SoF1-master/SoF1-master/Implementación/AppFormula1Servidor/src/java/ws/Auth.java</file>
            <file>file:/C:/Users/andre/Downloads/SoF1-master/SoF1-master/Implementación/AppFormula1Servidor/nbproject/build-impl.xml</file>
            <file>file:/C:/Users/andre/Downloads/SoF1-master/SoF1-master/Implementación/AppFormula1Servidor/src/java/negocio/PaisFacade.java</file>
            <file>file:/C:/Users/andre/Downloads/SoF1-master/SoF1-master/Implementación/AppFormula1Servidor/build/generated-sources/jax-ws/resources/Gestor_schema1.xsd</file>
            <file>file:/C:/Users/andre/Downloads/SoF1-master/SoF1-master/Implementación/AppFormula1Servidor/src/java/entities/SesionCarrera.java</file>
            <file>file:/C:/Users/andre/Downloads/SoF1-master/SoF1-master/Implementación/AppFormula1Servidor/src/java/negocio/MonoplazaFacade.java</file>
        </group>
    </open-files>
</project-private>
